<?xml version="1.0" encoding="UTF-8" standalone="yes"?>
<addon id="plugin.video.mrstealth.serialu.net" name="[B][COLOR CFFFFFFF]Serialu.net[/COLOR][/B]" version="2.0.1" provider-name="MrStealth">
  <requires>
    <import addon="xbmc.python" version="2.1.0"/>
    <import addon="script.module.xbmc.helpers" version="1.0.0"/>
    <import addon="script.module.translit" version="1.0.0"/>
    <import addon="script.module.favorites" version="1.0.0"/>
  </requires>
  <extension point="xbmc.python.pluginsource" library="default.py">
    <provides>video</provides>
  </extension>
  <extension point="xbmc.addon.metadata">
    <summary>Enables watching streams on serialu.net</summary>
    <description>For personal use only</description>
    <platform>all</platform>
  </extension>
</addon>
