<?xml version='1.0' encoding='UTF-8' standalone='yes'?>
<addon id='script.module.favorites' version='1.0.0' name='Favorites for xbmc plugins' provider-name='MrStealth'>
  <requires>
    <import addon="xbmc.python" version="2.1.0" />
  </requires>
  <extension point='xbmc.service' library="default.py" />
  <extension point='xbmc.addon.metadata'>
    <platform>all</platform>
    <summary lang='en'>Favorites for xbmc plugins.</summary>
  </extension>
  <extension point='xbmc.python.module' library='lib' />
</addon>
