<?xml version="1.0" encoding="UTF-8" standalone="yes"?>
<addon id="plugin.audio.xmusic.me" name="iXmusic.me" version="2.0.3" provider-name="mrstealth">
  <requires>
    <import addon="xbmc.python" version="2.1.0"/>
    <import addon="script.module.xbmc.helpers" version="2.0.0"/>
    <import addon="script.module.translit" version="2.0.0"/>
  </requires>
  <extension point="xbmc.python.pluginsource" provides="audio" library="default.py">
    <provides>audio</provides>
  </extension>
  <extension point="xbmc.addon.metadata">
    <summary>iXMUSIC.me free mp3 online</summary>
    <description>For personal use only</description>
    <platform>all</platform>
  </extension>
</addon>
